2024,1,FORTALEZA,50777,ADRIANA GERÔNIMO,COAÇU,4,"0,04",ELEITO
2024,1,FORTALEZA,13120,AGLAYLSON,COAÇU,7,"0,07",ELEITO
2024,1,FORTALEZA,70123,ANA ARACAPÉ,COAÇU,5,"0,05",ELEITO
2024,1,FORTALEZA,55011,APOLLO VICZ,COAÇU,13,"0,1",ELEITO
2024,1,FORTALEZA,40000,BÁ,COAÇU,1,"0,01",ELEITO
2024,1,FORTALEZA,22022,BELLA CARMELO,COAÇU,45,"0,16",ELEITO
2024,1,FORTALEZA,10456,BENIGNO JUNIOR,COAÇU,17,"0,2",ELEITO
2024,1,FORTALEZA,27123,CARLA DO ACILON,COAÇU,319,"3,39",ELEITO
2024,1,FORTALEZA,25456,CHIQUINHO DOS CARNEIROS,COAÇU,4,"0,04",ELEITO
2024,1,FORTALEZA,70369,CLAUDIO LIMA,COAÇU,3,"0,04",SUPLENTE
2024,1,FORTALEZA,55300,CÔNSUL DO POVO,COAÇU,9,"0,17",SUPLENTE
2024,1,FORTALEZA,20012,DAYANE COSTA,COAÇU,1,"0,02",SUPLENTE
2024,1,FORTALEZA,13123,DR VICENTE,COAÇU,7,"0,09",SUPLENTE
2024,1,FORTALEZA,12500,DR. LUCIANO GIRÃO,COAÇU,11,"0,1",ELEITO
2024,1,FORTALEZA,27999,DUMMAR,COAÇU,2,"0,06",SUPLENTE
2024,1,FORTALEZA,70111,EMANUEL ACRIZIO,COAÇU,9,"0,06",ELEITO
2024,1,FORTALEZA,55111,ERICH DOUGLAS,COAÇU,13,"0,1",ELEITO
2024,1,FORTALEZA,55000,EUDES BRINGEL,COAÇU,3,"0,02",ELEITO
2024,1,FORTALEZA,50555,GABRIEL BIOLOGIA,COAÇU,43,"0,14",ELEITO
2024,1,FORTALEZA,12333,GARDEL ROLIM,COAÇU,152,"0,95",ELEITO
2024,1,FORTALEZA,33024,GERMANO HE MAN,COAÇU,3,"0,03",ELEITO
2024,1,FORTALEZA,22122,INSPETOR ALBERTO,COAÇU,10,"0,13",ELEITO
2024,1,FORTALEZA,11678,IRMÃO LÉO,COAÇU,1,"0,02",ELEITO
2024,1,FORTALEZA,12111,JÂNIO HENRIQUE,COAÇU,2,"0,02",ELEITO
2024,1,FORTALEZA,45000,JORGE PINHEIRO,COAÇU,31,"0,27",ELEITO
2024,1,FORTALEZA,22123,JULIERME SENA,COAÇU,15,"0,14",ELEITO
2024,1,FORTALEZA,13321,JULIO BRIZZI,COAÇU,6,"0,08",ELEITO
2024,1,FORTALEZA,12123,KÁTIA RODRIGUES,COAÇU,7,"0,06",ELEITO
2024,1,FORTALEZA,40123,LEO COUTO,COAÇU,2,"0,02",ELEITO
2024,1,FORTALEZA,36789,LUIZ PAUPINA,COAÇU,526,"8,71",ELEITO
2024,1,FORTALEZA,12000,MARCEL COLARES,COAÇU,92,"0,6",ELEITO
2024,1,FORTALEZA,22333,MARCELO MENDES,COAÇU,2,"0,03",ELEITO
2024,1,FORTALEZA,70200,MARCELO TCHELA,COAÇU,2,"0,03",SUPLENTE
2024,1,FORTALEZA,44444,MÁRCIO MARTINS,COAÇU,1,"0,01",ELEITO
2024,1,FORTALEZA,11111,MARCOS PAULO,COAÇU,1,"0,02",ELEITO
2024,1,FORTALEZA,13131,MARI LACERDA,COAÇU,12,"0,15",ELEITO
2024,1,FORTALEZA,25555,MICHEL LINS,COAÇU,5,"0,05",ELEITO
2024,1,FORTALEZA,25777,NILO DANTAS,COAÇU,5,"0,08",SUPLENTE
2024,1,FORTALEZA,12444,PAULO MARTINS,COAÇU,14,"0,11",ELEITO
2024,1,FORTALEZA,70222,PEDRO MATOS,COAÇU,6,"0,07",ELEITO
2024,1,FORTALEZA,12800,PPCELL,COAÇU,8,"0,07",ELEITO
2024,1,FORTALEZA,22222,PRISCILA COSTA,COAÇU,74,"0,2",ELEITO
2024,1,FORTALEZA,25123,PROFESSOR AGUIAR TOBA,COAÇU,2,"0,03",ELEITO
2024,1,FORTALEZA,23456,PROFESSOR ENILSON,COAÇU,4,"0,04",ELEITO
2024,1,FORTALEZA,12999,RAIMUNDO FILHO,COAÇU,4,"0,04",SUPLENTE
2024,1,FORTALEZA,44777,RENE PESSOA,COAÇU,12,"0,2",SUPLENTE
2024,1,FORTALEZA,10123,RONALDO MARTINS,COAÇU,84,"0,41",ELEITO
2024,1,FORTALEZA,44190,SOLDADO NOELIO,COAÇU,8,"0,12",ELEITO
2024,1,FORTALEZA,55555,TIA FRANCISCA,COAÇU,1,"0,01",SUPLENTE
2024,1,FORTALEZA,55777,TONY BRITO,COAÇU,4,"0,03",SUPLENTE
2024,1,FORTALEZA,20000,WELLINGTON SABÓIA,COAÇU,12,"0,11",ELEITO
2024,1,FORTALEZA,12777,ADAIL JR.,COCÓ,12,"0,08",ELEITO
2024,1,FORTALEZA,50777,ADRIANA GERÔNIMO,COCÓ,113,"1,24",ELEITO
2024,1,FORTALEZA,13120,AGLAYLSON,COCÓ,30,"0,31",ELEITO
2024,1,FORTALEZA,70123,ANA ARACAPÉ,COCÓ,7,"0,07",ELEITO
2024,1,FORTALEZA,55011,APOLLO VICZ,COCÓ,46,"0,36",ELEITO
2024,1,FORTALEZA,40000,BÁ,COCÓ,1,"0,01",ELEITO
2024,1,FORTALEZA,22022,BELLA CARMELO,COCÓ,353,"1,25",ELEITO
2024,1,FORTALEZA,10456,BENIGNO JUNIOR,COCÓ,58,"0,69",ELEITO
2024,1,FORTALEZA,55789,BRUNO MESQUITA,COCÓ,11,"0,08",ELEITO
2024,1,FORTALEZA,27123,CARLA DO ACILON,COCÓ,29,"0,31",ELEITO
2024,1,FORTALEZA,25456,CHIQUINHO DOS CARNEIROS,COCÓ,5,"0,05",ELEITO
2024,1,FORTALEZA,70369,CLAUDIO LIMA,COCÓ,2,"0,03",SUPLENTE
2024,1,FORTALEZA,55300,CÔNSUL DO POVO,COCÓ,12,"0,23",SUPLENTE
2024,1,FORTALEZA,20012,DAYANE COSTA,COCÓ,20,"0,42",SUPLENTE
2024,1,FORTALEZA,13123,DR VICENTE,COCÓ,35,"0,46",SUPLENTE
2024,1,FORTALEZA,12500,DR. LUCIANO GIRÃO,COCÓ,19,"0,16",ELEITO
2024,1,FORTALEZA,27999,DUMMAR,COCÓ,5,"0,15",SUPLENTE
2024,1,FORTALEZA,70111,EMANUEL ACRIZIO,COCÓ,27,"0,17",ELEITO
2024,1,FORTALEZA,55111,ERICH DOUGLAS,COCÓ,51,"0,38",ELEITO
2024,1,FORTALEZA,55000,EUDES BRINGEL,COCÓ,23,"0,19",ELEITO
2024,1,FORTALEZA,50555,GABRIEL BIOLOGIA,COCÓ,397,"1,29",ELEITO
2024,1,FORTALEZA,12333,GARDEL ROLIM,COCÓ,32,"0,2",ELEITO
2024,1,FORTALEZA,33024,GERMANO HE MAN,COCÓ,4,"0,04",ELEITO
2024,1,FORTALEZA,22122,INSPETOR ALBERTO,COCÓ,31,"0,39",ELEITO
2024,1,FORTALEZA,11678,IRMÃO LÉO,COCÓ,5,"0,1",ELEITO
2024,1,FORTALEZA,12111,JÂNIO HENRIQUE,COCÓ,2,"0,02",ELEITO
2024,1,FORTALEZA,40789,JOHN MONTEIRO,COCÓ,19,"0,45",SUPLENTE
2024,1,FORTALEZA,45000,JORGE PINHEIRO,COCÓ,98,"0,86",ELEITO
2024,1,FORTALEZA,22123,JULIERME SENA,COCÓ,21,"0,2",ELEITO
2024,1,FORTALEZA,13321,JULIO BRIZZI,COCÓ,68,"0,88",ELEITO
2024,1,FORTALEZA,12123,KÁTIA RODRIGUES,COCÓ,11,"0,09",ELEITO
2024,1,FORTALEZA,40123,LEO COUTO,COCÓ,74,"0,82",ELEITO
2024,1,FORTALEZA,36789,LUIZ PAUPINA,COCÓ,3,"0,05",ELEITO
2024,1,FORTALEZA,12000,MARCEL COLARES,COCÓ,33,"0,22",ELEITO
2024,1,FORTALEZA,22333,MARCELO MENDES,COCÓ,188,"2,61",ELEITO
2024,1,FORTALEZA,70200,MARCELO TCHELA,COCÓ,17,"0,26",SUPLENTE
2024,1,FORTALEZA,44444,MÁRCIO MARTINS,COCÓ,38,"0,32",ELEITO
2024,1,FORTALEZA,13131,MARI LACERDA,COCÓ,57,"0,71",ELEITO
2024,1,FORTALEZA,25555,MICHEL LINS,COCÓ,28,"0,29",ELEITO
2024,1,FORTALEZA,25777,NILO DANTAS,COCÓ,1,"0,02",SUPLENTE
2024,1,FORTALEZA,12444,PAULO MARTINS,COCÓ,44,"0,34",ELEITO
2024,1,FORTALEZA,70222,PEDRO MATOS,COCÓ,114,"1,29",ELEITO
2024,1,FORTALEZA,12800,PPCELL,COCÓ,5,"0,05",ELEITO
2024,1,FORTALEZA,22222,PRISCILA COSTA,COCÓ,225,"0,62",ELEITO
2024,1,FORTALEZA,25123,PROFESSOR AGUIAR TOBA,COCÓ,3,"0,04",ELEITO
2024,1,FORTALEZA,23456,PROFESSOR ENILSON,COCÓ,11,"0,11",ELEITO
2024,1,FORTALEZA,12999,RAIMUNDO FILHO,COCÓ,11,"0,11",SUPLENTE
2024,1,FORTALEZA,44777,RENE PESSOA,COCÓ,55,"0,92",SUPLENTE
2024,1,FORTALEZA,10123,RONALDO MARTINS,COCÓ,48,"0,24",ELEITO
2024,1,FORTALEZA,44190,SOLDADO NOELIO,COCÓ,10,"0,15",ELEITO
2024,1,FORTALEZA,55555,TIA FRANCISCA,COCÓ,5,"0,07",SUPLENTE
2024,1,FORTALEZA,55777,TONY BRITO,COCÓ,39,"0,32",SUPLENTE
2024,1,FORTALEZA,20000,WELLINGTON SABÓIA,COCÓ,65,"0,59",ELEITO
2024,1,FORTALEZA,12777,ADAIL JR.,CONJUNTO CEARÁ I,294,"2,06",ELEITO
2024,1,FORTALEZA,50777,ADRIANA GERÔNIMO,CONJUNTO CEARÁ I,141,"1,55",ELEITO
2024,1,FORTALEZA,13120,AGLAYLSON,CONJUNTO CEARÁ I,303,"3,16",ELEITO
2024,1,FORTALEZA,70123,ANA ARACAPÉ,CONJUNTO CEARÁ I,108,"1,05",ELEITO
2024,1,FORTALEZA,55011,APOLLO VICZ,CONJUNTO CEARÁ I,325,"2,54",ELEITO
2024,1,FORTALEZA,40000,BÁ,CONJUNTO CEARÁ I,84,"1,12",ELEITO
2024,1,FORTALEZA,22022,BELLA CARMELO,CONJUNTO CEARÁ I,476,"1,69",ELEITO
2024,1,FORTALEZA,10456,BENIGNO JUNIOR,CONJUNTO CEARÁ I,136,"1,63",ELEITO
2024,1,FORTALEZA,55789,BRUNO MESQUITA,CONJUNTO CEARÁ I,166,"1,17",ELEITO
2024,1,FORTALEZA,27123,CARLA DO ACILON,CONJUNTO CEARÁ I,171,"1,82",ELEITO
2024,1,FORTALEZA,25456,CHIQUINHO DOS CARNEIROS,CONJUNTO CEARÁ I,35,"0,37",ELEITO
2024,1,FORTALEZA,70369,CLAUDIO LIMA,CONJUNTO CEARÁ I,66,"0,84",SUPLENTE
2024,1,FORTALEZA,55300,CÔNSUL DO POVO,CONJUNTO CEARÁ I,139,"2,62",SUPLENTE
2024,1,FORTALEZA,20012,DAYANE COSTA,CONJUNTO CEARÁ I,48,1,SUPLENTE
2024,1,FORTALEZA,13123,DR VICENTE,CONJUNTO CEARÁ I,158,"2,09",SUPLENTE
2024,1,FORTALEZA,12500,DR. LUCIANO GIRÃO,CONJUNTO CEARÁ I,365,"3,17",ELEITO
2024,1,FORTALEZA,27999,DUMMAR,CONJUNTO CEARÁ I,32,"0,97",SUPLENTE
2024,1,FORTALEZA,70111,EMANUEL ACRIZIO,CONJUNTO CEARÁ I,2994,"18,62",ELEITO
2024,1,FORTALEZA,55111,ERICH DOUGLAS,CONJUNTO CEARÁ I,327,"2,47",ELEITO
2024,1,FORTALEZA,55000,EUDES BRINGEL,CONJUNTO CEARÁ I,345,"2,81",ELEITO
2024,1,FORTALEZA,50555,GABRIEL BIOLOGIA,CONJUNTO CEARÁ I,567,"1,85",ELEITO
2024,1,FORTALEZA,12333,GARDEL ROLIM,CONJUNTO CEARÁ I,447,"2,78",ELEITO
2024,1,FORTALEZA,33024,GERMANO HE MAN,CONJUNTO CEARÁ I,63,"0,62",ELEITO
2024,1,FORTALEZA,22122,INSPETOR ALBERTO,CONJUNTO CEARÁ I,214,"2,7",ELEITO
2024,1,FORTALEZA,11678,IRMÃO LÉO,CONJUNTO CEARÁ I,135,"2,59",ELEITO
2024,1,FORTALEZA,12111,JÂNIO HENRIQUE,CONJUNTO CEARÁ I,138,"1,26",ELEITO
2024,1,FORTALEZA,40789,JOHN MONTEIRO,CONJUNTO CEARÁ I,13,"0,31",SUPLENTE
2024,1,FORTALEZA,45000,JORGE PINHEIRO,CONJUNTO CEARÁ I,130,"1,14",ELEITO
2024,1,FORTALEZA,22123,JULIERME SENA,CONJUNTO CEARÁ I,302,"2,91",ELEITO
2024,1,FORTALEZA,13321,JULIO BRIZZI,CONJUNTO CEARÁ I,218,"2,81",ELEITO
2024,1,FORTALEZA,12123,KÁTIA RODRIGUES,CONJUNTO CEARÁ I,142,"1,19",ELEITO
2024,1,FORTALEZA,40123,LEO COUTO,CONJUNTO CEARÁ I,138,"1,54",ELEITO
2024,1,FORTALEZA,36789,LUIZ PAUPINA,CONJUNTO CEARÁ I,25,"0,41",ELEITO
2024,1,FORTALEZA,12000,MARCEL COLARES,CONJUNTO CEARÁ I,34,"0,22",ELEITO
2024,1,FORTALEZA,22333,MARCELO MENDES,CONJUNTO CEARÁ I,141,"1,96",ELEITO
2024,1,FORTALEZA,70200,MARCELO TCHELA,CONJUNTO CEARÁ I,203,"3,06",SUPLENTE
2024,1,FORTALEZA,44444,MÁRCIO MARTINS,CONJUNTO CEARÁ I,123,"1,02",ELEITO
2024,1,FORTALEZA,11111,MARCOS PAULO,CONJUNTO CEARÁ I,14,"0,28",ELEITO
2024,1,FORTALEZA,13131,MARI LACERDA,CONJUNTO CEARÁ I,236,"2,94",ELEITO
2024,1,FORTALEZA,25555,MICHEL LINS,CONJUNTO CEARÁ I,292,"3,05",ELEITO
2024,1,FORTALEZA,25777,NILO DANTAS,CONJUNTO CEARÁ I,203,"3,23",SUPLENTE
2024,1,FORTALEZA,12444,PAULO MARTINS,CONJUNTO CEARÁ I,96,"0,74",ELEITO
2024,1,FORTALEZA,70222,PEDRO MATOS,CONJUNTO CEARÁ I,369,"4,16",ELEITO
2024,1,FORTALEZA,12800,PPCELL,CONJUNTO CEARÁ I,78,"0,71",ELEITO
2024,1,FORTALEZA,22222,PRISCILA COSTA,CONJUNTO CEARÁ I,1030,"2,84",ELEITO
2024,1,FORTALEZA,25123,PROFESSOR AGUIAR TOBA,CONJUNTO CEARÁ I,164,"2,34",ELEITO
2024,1,FORTALEZA,23456,PROFESSOR ENILSON,CONJUNTO CEARÁ I,365,"3,59",ELEITO
2024,1,FORTALEZA,12999,RAIMUNDO FILHO,CONJUNTO CEARÁ I,136,"1,33",SUPLENTE
2024,1,FORTALEZA,44777,RENE PESSOA,CONJUNTO CEARÁ I,58,"0,97",SUPLENTE
2024,1,FORTALEZA,10123,RONALDO MARTINS,CONJUNTO CEARÁ I,729,"3,59",ELEITO
2024,1,FORTALEZA,44190,SOLDADO NOELIO,CONJUNTO CEARÁ I,366,"5,34",ELEITO
2024,1,FORTALEZA,55555,TIA FRANCISCA,CONJUNTO CEARÁ I,114,"1,65",SUPLENTE
2024,1,FORTALEZA,55777,TONY BRITO,CONJUNTO CEARÁ I,2517,"20,67",SUPLENTE
2024,1,FORTALEZA,20000,WELLINGTON SABÓIA,CONJUNTO CEARÁ I,506,"4,59",ELEITO
2024,1,FORTALEZA,12777,ADAIL JR.,CONJUNTO CEARÁ II,12,"0,08",ELEITO
2024,1,FORTALEZA,50777,ADRIANA GERÔNIMO,CONJUNTO CEARÁ II,6,"0,07",ELEITO
2024,1,FORTALEZA,13120,AGLAYLSON,CONJUNTO CEARÁ II,13,"0,14",ELEITO
2024,1,FORTALEZA,70123,ANA ARACAPÉ,CONJUNTO CEARÁ II,4,"0,04",ELEITO
2024,1,FORTALEZA,55011,APOLLO VICZ,CONJUNTO CEARÁ II,11,"0,09",ELEITO
2024,1,FORTALEZA,40000,BÁ,CONJUNTO CEARÁ II,3,"0,04",ELEITO
2024,1,FORTALEZA,22022,BELLA CARMELO,CONJUNTO CEARÁ II,25,"0,09",ELEITO
2024,1,FORTALEZA,10456,BENIGNO JUNIOR,CONJUNTO CEARÁ II,7,"0,08",ELEITO
2024,1,FORTALEZA,55789,BRUNO MESQUITA,CONJUNTO CEARÁ II,25,"0,18",ELEITO
2024,1,FORTALEZA,27123,CARLA DO ACILON,CONJUNTO CEARÁ II,19,"0,2",ELEITO
2024,1,FORTALEZA,25456,CHIQUINHO DOS CARNEIROS,CONJUNTO CEARÁ II,1,"0,01",ELEITO
2024,1,FORTALEZA,70369,CLAUDIO LIMA,CONJUNTO CEARÁ II,2,"0,03",SUPLENTE
2024,1,FORTALEZA,55300,CÔNSUL DO POVO,CONJUNTO CEARÁ II,11,"0,21",SUPLENTE
2024,1,FORTALEZA,13123,DR VICENTE,CONJUNTO CEARÁ II,7,"0,09",SUPLENTE
2024,1,FORTALEZA,12500,DR. LUCIANO GIRÃO,CONJUNTO CEARÁ II,8,"0,07",ELEITO
2024,1,FORTALEZA,27999,DUMMAR,CONJUNTO CEARÁ II,2,"0,06",SUPLENTE
2024,1,FORTALEZA,70111,EMANUEL ACRIZIO,CONJUNTO CEARÁ II,123,"0,76",ELEITO
2024,1,FORTALEZA,55111,ERICH DOUGLAS,CONJUNTO CEARÁ II,21,"0,16",ELEITO
2024,1,FORTALEZA,55000,EUDES BRINGEL,CONJUNTO CEARÁ II,16,"0,13",ELEITO
2024,1,FORTALEZA,50555,GABRIEL BIOLOGIA,CONJUNTO CEARÁ II,18,"0,06",ELEITO
2024,1,FORTALEZA,12333,GARDEL ROLIM,CONJUNTO CEARÁ II,24,"0,15",ELEITO
2024,1,FORTALEZA,33024,GERMANO HE MAN,CONJUNTO CEARÁ II,7,"0,07",ELEITO
2024,1,FORTALEZA,22122,INSPETOR ALBERTO,CONJUNTO CEARÁ II,17,"0,21",ELEITO
2024,1,FORTALEZA,11678,IRMÃO LÉO,CONJUNTO CEARÁ II,15,"0,29",ELEITO
2024,1,FORTALEZA,12111,JÂNIO HENRIQUE,CONJUNTO CEARÁ II,12,"0,11",ELEITO
2024,1,FORTALEZA,45000,JORGE PINHEIRO,CONJUNTO CEARÁ II,7,"0,06",ELEITO
2024,1,FORTALEZA,22123,JULIERME SENA,CONJUNTO CEARÁ II,12,"0,12",ELEITO
2024,1,FORTALEZA,13321,JULIO BRIZZI,CONJUNTO CEARÁ II,10,"0,13",ELEITO
2024,1,FORTALEZA,12123,KÁTIA RODRIGUES,CONJUNTO CEARÁ II,22,"0,18",ELEITO
2024,1,FORTALEZA,40123,LEO COUTO,CONJUNTO CEARÁ II,14,"0,16",ELEITO
2024,1,FORTALEZA,36789,LUIZ PAUPINA,CONJUNTO CEARÁ II,9,"0,15",ELEITO
2024,1,FORTALEZA,12000,MARCEL COLARES,CONJUNTO CEARÁ II,3,"0,02",ELEITO
2024,1,FORTALEZA,22333,MARCELO MENDES,CONJUNTO CEARÁ II,7,"0,1",ELEITO
2024,1,FORTALEZA,70200,MARCELO TCHELA,CONJUNTO CEARÁ II,6,"0,09",SUPLENTE
2024,1,FORTALEZA,44444,MÁRCIO MARTINS,CONJUNTO CEARÁ II,7,"0,06",ELEITO
2024,1,FORTALEZA,11111,MARCOS PAULO,CONJUNTO CEARÁ II,3,"0,06",ELEITO
2024,1,FORTALEZA,13131,MARI LACERDA,CONJUNTO CEARÁ II,7,"0,09",ELEITO
2024,1,FORTALEZA,25555,MICHEL LINS,CONJUNTO CEARÁ II,27,"0,28",ELEITO
2024,1,FORTALEZA,25777,NILO DANTAS,CONJUNTO CEARÁ II,12,"0,19",SUPLENTE
2024,1,FORTALEZA,12444,PAULO MARTINS,CONJUNTO CEARÁ II,5,"0,04",ELEITO
2024,1,FORTALEZA,70222,PEDRO MATOS,CONJUNTO CEARÁ II,10,"0,11",ELEITO
2024,1,FORTALEZA,12800,PPCELL,CONJUNTO CEARÁ II,2,"0,02",ELEITO
2024,1,FORTALEZA,22222,PRISCILA COSTA,CONJUNTO CEARÁ II,74,"0,2",ELEITO
2024,1,FORTALEZA,25123,PROFESSOR AGUIAR TOBA,CONJUNTO CEARÁ II,7,"0,1",ELEITO
2024,1,FORTALEZA,23456,PROFESSOR ENILSON,CONJUNTO CEARÁ II,30,"0,3",ELEITO
2024,1,FORTALEZA,12999,RAIMUNDO FILHO,CONJUNTO CEARÁ II,2,"0,02",SUPLENTE
2024,1,FORTALEZA,44777,RENE PESSOA,CONJUNTO CEARÁ II,7,"0,12",SUPLENTE
2024,1,FORTALEZA,10123,RONALDO MARTINS,CONJUNTO CEARÁ II,53,"0,26",ELEITO
2024,1,FORTALEZA,44190,SOLDADO NOELIO,CONJUNTO CEARÁ II,26,"0,38",ELEITO
2024,1,FORTALEZA,55555,TIA FRANCISCA,CONJUNTO CEARÁ II,6,"0,09",SUPLENTE
2024,1,FORTALEZA,55777,TONY BRITO,CONJUNTO CEARÁ II,163,"1,34",SUPLENTE
2024,1,FORTALEZA,20000,WELLINGTON SABÓIA,CONJUNTO CEARÁ II,32,"0,29",ELEITO
2024,1,FORTALEZA,12777,ADAIL JR.,CONJUNTO ESPERANÇA,27,"0,19",ELEITO
2024,1,FORTALEZA,50777,ADRIANA GERÔNIMO,CONJUNTO ESPERANÇA,33,"0,36",ELEITO
2024,1,FORTALEZA,13120,AGLAYLSON,CONJUNTO ESPERANÇA,95,"0,99",ELEITO
2024,1,FORTALEZA,70123,ANA ARACAPÉ,CONJUNTO ESPERANÇA,1027,"9,95",ELEITO
2024,1,FORTALEZA,55011,APOLLO VICZ,CONJUNTO ESPERANÇA,194,"1,52",ELEITO
2024,1,FORTALEZA,40000,BÁ,CONJUNTO ESPERANÇA,737,"9,79",ELEITO
2024,1,FORTALEZA,22022,BELLA CARMELO,CONJUNTO ESPERANÇA,277,"0,98",ELEITO
2024,1,FORTALEZA,10456,BENIGNO JUNIOR,CONJUNTO ESPERANÇA,31,"0,37",ELEITO
2024,1,FORTALEZA,55789,BRUNO MESQUITA,CONJUNTO ESPERANÇA,58,"0,41",ELEITO
2024,1,FORTALEZA,27123,CARLA DO ACILON,CONJUNTO ESPERANÇA,35,"0,37",ELEITO
2024,1,FORTALEZA,25456,CHIQUINHO DOS CARNEIROS,CONJUNTO ESPERANÇA,39,"0,41",ELEITO
2024,1,FORTALEZA,70369,CLAUDIO LIMA,CONJUNTO ESPERANÇA,22,"0,28",SUPLENTE
2024,1,FORTALEZA,55300,CÔNSUL DO POVO,CONJUNTO ESPERANÇA,101,"1,9",SUPLENTE
2024,1,FORTALEZA,20012,DAYANE COSTA,CONJUNTO ESPERANÇA,6,"0,12",SUPLENTE
2024,1,FORTALEZA,13123,DR VICENTE,CONJUNTO ESPERANÇA,56,"0,74",SUPLENTE
2024,1,FORTALEZA,12500,DR. LUCIANO GIRÃO,CONJUNTO ESPERANÇA,70,"0,61",ELEITO
2024,1,FORTALEZA,27999,DUMMAR,CONJUNTO ESPERANÇA,15,"0,45",SUPLENTE
2024,1,FORTALEZA,70111,EMANUEL ACRIZIO,CONJUNTO ESPERANÇA,125,"0,78",ELEITO
2024,1,FORTALEZA,55111,ERICH DOUGLAS,CONJUNTO ESPERANÇA,138,"1,04",ELEITO
2024,1,FORTALEZA,55000,EUDES BRINGEL,CONJUNTO ESPERANÇA,54,"0,44",ELEITO
2024,1,FORTALEZA,50555,GABRIEL BIOLOGIA,CONJUNTO ESPERANÇA,235,"0,77",ELEITO
2024,1,FORTALEZA,12333,GARDEL ROLIM,CONJUNTO ESPERANÇA,114,"0,71",ELEITO
2024,1,FORTALEZA,33024,GERMANO HE MAN,CONJUNTO ESPERANÇA,39,"0,38",ELEITO
2024,1,FORTALEZA,22122,INSPETOR ALBERTO,CONJUNTO ESPERANÇA,94,"1,19",ELEITO
2024,1,FORTALEZA,11678,IRMÃO LÉO,CONJUNTO ESPERANÇA,40,"0,77",ELEITO
2024,1,FORTALEZA,12111,JÂNIO HENRIQUE,CONJUNTO ESPERANÇA,1731,"15,78",ELEITO
2024,1,FORTALEZA,40789,JOHN MONTEIRO,CONJUNTO ESPERANÇA,11,"0,26",SUPLENTE
2024,1,FORTALEZA,45000,JORGE PINHEIRO,CONJUNTO ESPERANÇA,63,"0,55",ELEITO
2024,1,FORTALEZA,22123,JULIERME SENA,CONJUNTO ESPERANÇA,98,"0,94",ELEITO
2024,1,FORTALEZA,13321,JULIO BRIZZI,CONJUNTO ESPERANÇA,86,"1,11",ELEITO
2024,1,FORTALEZA,12123,KÁTIA RODRIGUES,CONJUNTO ESPERANÇA,44,"0,37",ELEITO
2024,1,FORTALEZA,40123,LEO COUTO,CONJUNTO ESPERANÇA,27,"0,3",ELEITO
2024,1,FORTALEZA,36789,LUIZ PAUPINA,CONJUNTO ESPERANÇA,29,"0,48",ELEITO
2024,1,FORTALEZA,12000,MARCEL COLARES,CONJUNTO ESPERANÇA,24,"0,16",ELEITO
2024,1,FORTALEZA,22333,MARCELO MENDES,CONJUNTO ESPERANÇA,31,"0,43",ELEITO
2024,1,FORTALEZA,70200,MARCELO TCHELA,CONJUNTO ESPERANÇA,53,"0,8",SUPLENTE
2024,1,FORTALEZA,44444,MÁRCIO MARTINS,CONJUNTO ESPERANÇA,98,"0,81",ELEITO
2024,1,FORTALEZA,11111,MARCOS PAULO,CONJUNTO ESPERANÇA,17,"0,34",ELEITO
2024,1,FORTALEZA,13131,MARI LACERDA,CONJUNTO ESPERANÇA,120,"1,49",ELEITO
2024,1,FORTALEZA,25555,MICHEL LINS,CONJUNTO ESPERANÇA,69,"0,72",ELEITO
2024,1,FORTALEZA,25777,NILO DANTAS,CONJUNTO ESPERANÇA,50,"0,8",SUPLENTE
2024,1,FORTALEZA,12444,PAULO MARTINS,CONJUNTO ESPERANÇA,37,"0,29",ELEITO
2024,1,FORTALEZA,70222,PEDRO MATOS,CONJUNTO ESPERANÇA,40,"0,45",ELEITO
2024,1,FORTALEZA,12800,PPCELL,CONJUNTO ESPERANÇA,32,"0,29",ELEITO
2024,1,FORTALEZA,22222,PRISCILA COSTA,CONJUNTO ESPERANÇA,504,"1,39",ELEITO
2024,1,FORTALEZA,25123,PROFESSOR AGUIAR TOBA,CONJUNTO ESPERANÇA,82,"1,17",ELEITO
2024,1,FORTALEZA,23456,PROFESSOR ENILSON,CONJUNTO ESPERANÇA,391,"3,85",ELEITO
2024,1,FORTALEZA,12999,RAIMUNDO FILHO,CONJUNTO ESPERANÇA,124,"1,21",SUPLENTE
2024,1,FORTALEZA,44777,RENE PESSOA,CONJUNTO ESPERANÇA,85,"1,42",SUPLENTE
2024,1,FORTALEZA,10123,RONALDO MARTINS,CONJUNTO ESPERANÇA,328,"1,62",ELEITO
2024,1,FORTALEZA,44190,SOLDADO NOELIO,CONJUNTO ESPERANÇA,76,"1,11",ELEITO
2024,1,FORTALEZA,55555,TIA FRANCISCA,CONJUNTO ESPERANÇA,545,"7,87",SUPLENTE
2024,1,FORTALEZA,55777,TONY BRITO,CONJUNTO ESPERANÇA,84,"0,69",SUPLENTE
2024,1,FORTALEZA,20000,WELLINGTON SABÓIA,CONJUNTO ESPERANÇA,96,"0,87",ELEITO
2024,1,FORTALEZA,12777,ADAIL JR.,CONJUNTO PALMEIRAS,20,"0,14",ELEITO
2024,1,FORTALEZA,50777,ADRIANA GERÔNIMO,CONJUNTO PALMEIRAS,71,"0,78",ELEITO
2024,1,FORTALEZA,13120,AGLAYLSON,CONJUNTO PALMEIRAS,114,"1,19",ELEITO
2024,1,FORTALEZA,70123,ANA ARACAPÉ,CONJUNTO PALMEIRAS,57,"0,55",ELEITO
2024,1,FORTALEZA,55011,APOLLO VICZ,CONJUNTO PALMEIRAS,94,"0,74",ELEITO
2024,1,FORTALEZA,40000,BÁ,CONJUNTO PALMEIRAS,32,"0,43",ELEITO
2024,1,FORTALEZA,22022,BELLA CARMELO,CONJUNTO PALMEIRAS,192,"0,68",ELEITO
2024,1,FORTALEZA,10456,BENIGNO JUNIOR,CONJUNTO PALMEIRAS,25,"0,3",ELEITO
2024,1,FORTALEZA,55789,BRUNO MESQUITA,CONJUNTO PALMEIRAS,10,"0,07",ELEITO
2024,1,FORTALEZA,27123,CARLA DO ACILON,CONJUNTO PALMEIRAS,206,"2,19",ELEITO
2024,1,FORTALEZA,25456,CHIQUINHO DOS CARNEIROS,CONJUNTO PALMEIRAS,66,"0,69",ELEITO
2024,1,FORTALEZA,70369,CLAUDIO LIMA,CONJUNTO PALMEIRAS,16,"0,2",SUPLENTE
2024,1,FORTALEZA,55300,CÔNSUL DO POVO,CONJUNTO PALMEIRAS,79,"1,49",SUPLENTE
2024,1,FORTALEZA,20012,DAYANE COSTA,CONJUNTO PALMEIRAS,15,"0,31",SUPLENTE
2024,1,FORTALEZA,13123,DR VICENTE,CONJUNTO PALMEIRAS,58,"0,77",SUPLENTE
2024,1,FORTALEZA,12500,DR. LUCIANO GIRÃO,CONJUNTO PALMEIRAS,380,"3,3",ELEITO
2024,1,FORTALEZA,27999,DUMMAR,CONJUNTO PALMEIRAS,29,"0,88",SUPLENTE
2024,1,FORTALEZA,70111,EMANUEL ACRIZIO,CONJUNTO PALMEIRAS,121,"0,75",ELEITO
2024,1,FORTALEZA,55111,ERICH DOUGLAS,CONJUNTO PALMEIRAS,110,"0,83",ELEITO
2024,1,FORTALEZA,55000,EUDES BRINGEL,CONJUNTO PALMEIRAS,14,"0,11",ELEITO
2024,1,FORTALEZA,50555,GABRIEL BIOLOGIA,CONJUNTO PALMEIRAS,147,"0,48",ELEITO
2024,1,FORTALEZA,12333,GARDEL ROLIM,CONJUNTO PALMEIRAS,98,"0,61",ELEITO
2024,1,FORTALEZA,33024,GERMANO HE MAN,CONJUNTO PALMEIRAS,13,"0,13",ELEITO
2024,1,FORTALEZA,22122,INSPETOR ALBERTO,CONJUNTO PALMEIRAS,81,"1,02",ELEITO
2024,1,FORTALEZA,11678,IRMÃO LÉO,CONJUNTO PALMEIRAS,27,"0,52",ELEITO
2024,1,FORTALEZA,12111,JÂNIO HENRIQUE,CONJUNTO PALMEIRAS,83,"0,76",ELEITO
2024,1,FORTALEZA,40789,JOHN MONTEIRO,CONJUNTO PALMEIRAS,1,"0,02",SUPLENTE
2024,1,FORTALEZA,45000,JORGE PINHEIRO,CONJUNTO PALMEIRAS,40,"0,35",ELEITO
2024,1,FORTALEZA,22123,JULIERME SENA,CONJUNTO PALMEIRAS,106,"1,02",ELEITO
2024,1,FORTALEZA,13321,JULIO BRIZZI,CONJUNTO PALMEIRAS,91,"1,17",ELEITO
2024,1,FORTALEZA,12123,KÁTIA RODRIGUES,CONJUNTO PALMEIRAS,47,"0,39",ELEITO
2024,1,FORTALEZA,40123,LEO COUTO,CONJUNTO PALMEIRAS,92,"1,03",ELEITO
2024,1,FORTALEZA,36789,LUIZ PAUPINA,CONJUNTO PALMEIRAS,70,"1,16",ELEITO
2024,1,FORTALEZA,12000,MARCEL COLARES,CONJUNTO PALMEIRAS,417,"2,73",ELEITO
2024,1,FORTALEZA,22333,MARCELO MENDES,CONJUNTO PALMEIRAS,24,"0,33",ELEITO
2024,1,FORTALEZA,70200,MARCELO TCHELA,CONJUNTO PALMEIRAS,37,"0,56",SUPLENTE
2024,1,FORTALEZA,44444,MÁRCIO MARTINS,CONJUNTO PALMEIRAS,28,"0,23",ELEITO
2024,1,FORTALEZA,11111,MARCOS PAULO,CONJUNTO PALMEIRAS,3190,"63,9",ELEITO
2024,1,FORTALEZA,13131,MARI LACERDA,CONJUNTO PALMEIRAS,129,"1,61",ELEITO
2024,1,FORTALEZA,25555,MICHEL LINS,CONJUNTO PALMEIRAS,35,"0,37",ELEITO
2024,1,FORTALEZA,25777,NILO DANTAS,CONJUNTO PALMEIRAS,17,"0,27",SUPLENTE
2024,1,FORTALEZA,12444,PAULO MARTINS,CONJUNTO PALMEIRAS,103,"0,8",ELEITO
2024,1,FORTALEZA,70222,PEDRO MATOS,CONJUNTO PALMEIRAS,84,"0,95",ELEITO
2024,1,FORTALEZA,12800,PPCELL,CONJUNTO PALMEIRAS,3623,"32,94",ELEITO
2024,1,FORTALEZA,22222,PRISCILA COSTA,CONJUNTO PALMEIRAS,367,"1,01",ELEITO
2024,1,FORTALEZA,25123,PROFESSOR AGUIAR TOBA,CONJUNTO PALMEIRAS,15,"0,21",ELEITO
2024,1,FORTALEZA,23456,PROFESSOR ENILSON,CONJUNTO PALMEIRAS,36,"0,35",ELEITO
2024,1,FORTALEZA,12999,RAIMUNDO FILHO,CONJUNTO PALMEIRAS,52,"0,51",SUPLENTE
2024,1,FORTALEZA,44777,RENE PESSOA,CONJUNTO PALMEIRAS,107,"1,79",SUPLENTE
2024,1,FORTALEZA,10123,RONALDO MARTINS,CONJUNTO PALMEIRAS,358,"1,76",ELEITO
2024,1,FORTALEZA,44190,SOLDADO NOELIO,CONJUNTO PALMEIRAS,44,"0,64",ELEITO
2024,1,FORTALEZA,55555,TIA FRANCISCA,CONJUNTO PALMEIRAS,29,"0,42",SUPLENTE
2024,1,FORTALEZA,55777,TONY BRITO,CONJUNTO PALMEIRAS,22,"0,18",SUPLENTE
2024,1,FORTALEZA,20000,WELLINGTON SABÓIA,CONJUNTO PALMEIRAS,99,"0,9",ELEITO
