2024,1,FORTALEZA,12777,ADAIL JR.,ALTO DA BALANÇA,10,"0,07",ELEITO
2024,1,FORTALEZA,50777,ADRIANA GERÔNIMO,ALTO DA BALANÇA,61,"0,67",ELEITO
2024,1,FORTALEZA,13120,AGLAYLSON,ALTO DA BALANÇA,36,"0,37",ELEITO
2024,1,FORTALEZA,70123,ANA ARACAPÉ,ALTO DA BALANÇA,53,"0,51",ELEITO
2024,1,FORTALEZA,55011,APOLLO VICZ,ALTO DA BALANÇA,92,"0,72",ELEITO
2024,1,FORTALEZA,40000,BÁ,ALTO DA BALANÇA,9,"0,12",ELEITO
2024,1,FORTALEZA,22022,BELLA CARMELO,ALTO DA BALANÇA,138,"0,49",ELEITO
2024,1,FORTALEZA,10456,BENIGNO JUNIOR,ALTO DA BALANÇA,92,"1,1",ELEITO
2024,1,FORTALEZA,55789,BRUNO MESQUITA,ALTO DA BALANÇA,25,"0,18",ELEITO
2024,1,FORTALEZA,27123,CARLA DO ACILON,ALTO DA BALANÇA,68,"0,72",ELEITO
2024,1,FORTALEZA,25456,CHIQUINHO DOS CARNEIROS,ALTO DA BALANÇA,15,"0,16",ELEITO
2024,1,FORTALEZA,70369,CLAUDIO LIMA,ALTO DA BALANÇA,8,"0,1",SUPLENTE
2024,1,FORTALEZA,55300,CÔNSUL DO POVO,ALTO DA BALANÇA,30,"0,56",SUPLENTE
2024,1,FORTALEZA,20012,DAYANE COSTA,ALTO DA BALANÇA,12,"0,25",SUPLENTE
2024,1,FORTALEZA,13123,DR VICENTE,ALTO DA BALANÇA,88,"1,16",SUPLENTE
2024,1,FORTALEZA,12500,DR. LUCIANO GIRÃO,ALTO DA BALANÇA,226,"1,96",ELEITO
2024,1,FORTALEZA,27999,DUMMAR,ALTO DA BALANÇA,224,"6,78",SUPLENTE
2024,1,FORTALEZA,70111,EMANUEL ACRIZIO,ALTO DA BALANÇA,54,"0,34",ELEITO
2024,1,FORTALEZA,55111,ERICH DOUGLAS,ALTO DA BALANÇA,103,"0,78",ELEITO
2024,1,FORTALEZA,55000,EUDES BRINGEL,ALTO DA BALANÇA,22,"0,18",ELEITO
2024,1,FORTALEZA,50555,GABRIEL BIOLOGIA,ALTO DA BALANÇA,155,"0,51",ELEITO
2024,1,FORTALEZA,12333,GARDEL ROLIM,ALTO DA BALANÇA,808,"5,03",ELEITO
2024,1,FORTALEZA,33024,GERMANO HE MAN,ALTO DA BALANÇA,85,"0,84",ELEITO
2024,1,FORTALEZA,22122,INSPETOR ALBERTO,ALTO DA BALANÇA,74,"0,94",ELEITO
2024,1,FORTALEZA,11678,IRMÃO LÉO,ALTO DA BALANÇA,88,"1,69",ELEITO
2024,1,FORTALEZA,12111,JÂNIO HENRIQUE,ALTO DA BALANÇA,3,"0,03",ELEITO
2024,1,FORTALEZA,40789,JOHN MONTEIRO,ALTO DA BALANÇA,9,"0,21",SUPLENTE
2024,1,FORTALEZA,45000,JORGE PINHEIRO,ALTO DA BALANÇA,63,"0,55",ELEITO
2024,1,FORTALEZA,22123,JULIERME SENA,ALTO DA BALANÇA,142,"1,37",ELEITO
2024,1,FORTALEZA,13321,JULIO BRIZZI,ALTO DA BALANÇA,56,"0,72",ELEITO
2024,1,FORTALEZA,12123,KÁTIA RODRIGUES,ALTO DA BALANÇA,131,"1,1",ELEITO
2024,1,FORTALEZA,40123,LEO COUTO,ALTO DA BALANÇA,24,"0,27",ELEITO
2024,1,FORTALEZA,36789,LUIZ PAUPINA,ALTO DA BALANÇA,38,"0,63",ELEITO
2024,1,FORTALEZA,12000,MARCEL COLARES,ALTO DA BALANÇA,32,"0,21",ELEITO
2024,1,FORTALEZA,22333,MARCELO MENDES,ALTO DA BALANÇA,24,"0,33",ELEITO
2024,1,FORTALEZA,70200,MARCELO TCHELA,ALTO DA BALANÇA,114,"1,72",SUPLENTE
2024,1,FORTALEZA,44444,MÁRCIO MARTINS,ALTO DA BALANÇA,29,"0,24",ELEITO
2024,1,FORTALEZA,11111,MARCOS PAULO,ALTO DA BALANÇA,11,"0,22",ELEITO
2024,1,FORTALEZA,13131,MARI LACERDA,ALTO DA BALANÇA,46,"0,57",ELEITO
2024,1,FORTALEZA,25555,MICHEL LINS,ALTO DA BALANÇA,44,"0,46",ELEITO
2024,1,FORTALEZA,25777,NILO DANTAS,ALTO DA BALANÇA,16,"0,25",SUPLENTE
2024,1,FORTALEZA,12444,PAULO MARTINS,ALTO DA BALANÇA,620,"4,79",ELEITO
2024,1,FORTALEZA,70222,PEDRO MATOS,ALTO DA BALANÇA,114,"1,29",ELEITO
2024,1,FORTALEZA,12800,PPCELL,ALTO DA BALANÇA,33,"0,3",ELEITO
2024,1,FORTALEZA,22222,PRISCILA COSTA,ALTO DA BALANÇA,185,"0,51",ELEITO
2024,1,FORTALEZA,25123,PROFESSOR AGUIAR TOBA,ALTO DA BALANÇA,8,"0,11",ELEITO
2024,1,FORTALEZA,23456,PROFESSOR ENILSON,ALTO DA BALANÇA,23,"0,23",ELEITO
2024,1,FORTALEZA,12999,RAIMUNDO FILHO,ALTO DA BALANÇA,27,"0,26",SUPLENTE
2024,1,FORTALEZA,44777,RENE PESSOA,ALTO DA BALANÇA,51,"0,85",SUPLENTE
2024,1,FORTALEZA,10123,RONALDO MARTINS,ALTO DA BALANÇA,178,"0,88",ELEITO
2024,1,FORTALEZA,44190,SOLDADO NOELIO,ALTO DA BALANÇA,30,"0,44",ELEITO
2024,1,FORTALEZA,55555,TIA FRANCISCA,ALTO DA BALANÇA,13,"0,19",SUPLENTE
2024,1,FORTALEZA,55777,TONY BRITO,ALTO DA BALANÇA,51,"0,42",SUPLENTE
2024,1,FORTALEZA,20000,WELLINGTON SABÓIA,ALTO DA BALANÇA,125,"1,13",ELEITO
2024,1,FORTALEZA,12777,ADAIL JR.,ÁLVARO WEYNE,132,"0,93",ELEITO
2024,1,FORTALEZA,50777,ADRIANA GERÔNIMO,ÁLVARO WEYNE,63,"0,69",ELEITO
2024,1,FORTALEZA,13120,AGLAYLSON,ÁLVARO WEYNE,203,"2,11",ELEITO
2024,1,FORTALEZA,70123,ANA ARACAPÉ,ÁLVARO WEYNE,115,"1,11",ELEITO
2024,1,FORTALEZA,55011,APOLLO VICZ,ÁLVARO WEYNE,145,"1,14",ELEITO
2024,1,FORTALEZA,40000,BÁ,ÁLVARO WEYNE,11,"0,15",ELEITO
2024,1,FORTALEZA,22022,BELLA CARMELO,ÁLVARO WEYNE,271,"0,96",ELEITO
2024,1,FORTALEZA,10456,BENIGNO JUNIOR,ÁLVARO WEYNE,34,"0,41",ELEITO
2024,1,FORTALEZA,55789,BRUNO MESQUITA,ÁLVARO WEYNE,66,"0,47",ELEITO
2024,1,FORTALEZA,27123,CARLA DO ACILON,ÁLVARO WEYNE,61,"0,65",ELEITO
2024,1,FORTALEZA,25456,CHIQUINHO DOS CARNEIROS,ÁLVARO WEYNE,12,"0,13",ELEITO
2024,1,FORTALEZA,70369,CLAUDIO LIMA,ÁLVARO WEYNE,285,"3,64",SUPLENTE
2024,1,FORTALEZA,55300,CÔNSUL DO POVO,ÁLVARO WEYNE,34,"0,64",SUPLENTE
2024,1,FORTALEZA,20012,DAYANE COSTA,ÁLVARO WEYNE,6,"0,12",SUPLENTE
2024,1,FORTALEZA,13123,DR VICENTE,ÁLVARO WEYNE,58,"0,77",SUPLENTE
2024,1,FORTALEZA,12500,DR. LUCIANO GIRÃO,ÁLVARO WEYNE,90,"0,78",ELEITO
2024,1,FORTALEZA,27999,DUMMAR,ÁLVARO WEYNE,14,"0,42",SUPLENTE
2024,1,FORTALEZA,70111,EMANUEL ACRIZIO,ÁLVARO WEYNE,365,"2,27",ELEITO
2024,1,FORTALEZA,55111,ERICH DOUGLAS,ÁLVARO WEYNE,172,"1,3",ELEITO
2024,1,FORTALEZA,55000,EUDES BRINGEL,ÁLVARO WEYNE,49,"0,4",ELEITO
2024,1,FORTALEZA,50555,GABRIEL BIOLOGIA,ÁLVARO WEYNE,218,"0,71",ELEITO
2024,1,FORTALEZA,12333,GARDEL ROLIM,ÁLVARO WEYNE,105,"0,65",ELEITO
2024,1,FORTALEZA,33024,GERMANO HE MAN,ÁLVARO WEYNE,21,"0,21",ELEITO
2024,1,FORTALEZA,22122,INSPETOR ALBERTO,ÁLVARO WEYNE,86,"1,09",ELEITO
2024,1,FORTALEZA,11678,IRMÃO LÉO,ÁLVARO WEYNE,20,"0,38",ELEITO
2024,1,FORTALEZA,12111,JÂNIO HENRIQUE,ÁLVARO WEYNE,22,"0,2",ELEITO
2024,1,FORTALEZA,40789,JOHN MONTEIRO,ÁLVARO WEYNE,11,"0,26",SUPLENTE
2024,1,FORTALEZA,45000,JORGE PINHEIRO,ÁLVARO WEYNE,103,"0,91",ELEITO
2024,1,FORTALEZA,22123,JULIERME SENA,ÁLVARO WEYNE,134,"1,29",ELEITO
2024,1,FORTALEZA,13321,JULIO BRIZZI,ÁLVARO WEYNE,78,1,ELEITO
2024,1,FORTALEZA,12123,KÁTIA RODRIGUES,ÁLVARO WEYNE,1738,"14,54",ELEITO
2024,1,FORTALEZA,40123,LEO COUTO,ÁLVARO WEYNE,52,"0,58",ELEITO
2024,1,FORTALEZA,36789,LUIZ PAUPINA,ÁLVARO WEYNE,20,"0,33",ELEITO
2024,1,FORTALEZA,12000,MARCEL COLARES,ÁLVARO WEYNE,14,"0,09",ELEITO
2024,1,FORTALEZA,22333,MARCELO MENDES,ÁLVARO WEYNE,26,"0,36",ELEITO
2024,1,FORTALEZA,70200,MARCELO TCHELA,ÁLVARO WEYNE,77,"1,16",SUPLENTE
2024,1,FORTALEZA,44444,MÁRCIO MARTINS,ÁLVARO WEYNE,69,"0,57",ELEITO
2024,1,FORTALEZA,11111,MARCOS PAULO,ÁLVARO WEYNE,5,"0,1",ELEITO
2024,1,FORTALEZA,13131,MARI LACERDA,ÁLVARO WEYNE,55,"0,68",ELEITO
2024,1,FORTALEZA,25555,MICHEL LINS,ÁLVARO WEYNE,224,"2,34",ELEITO
2024,1,FORTALEZA,25777,NILO DANTAS,ÁLVARO WEYNE,38,"0,6",SUPLENTE
2024,1,FORTALEZA,12444,PAULO MARTINS,ÁLVARO WEYNE,67,"0,52",ELEITO
2024,1,FORTALEZA,70222,PEDRO MATOS,ÁLVARO WEYNE,60,"0,68",ELEITO
2024,1,FORTALEZA,12800,PPCELL,ÁLVARO WEYNE,58,"0,53",ELEITO
2024,1,FORTALEZA,22222,PRISCILA COSTA,ÁLVARO WEYNE,365,"1,01",ELEITO
2024,1,FORTALEZA,25123,PROFESSOR AGUIAR TOBA,ÁLVARO WEYNE,18,"0,26",ELEITO
2024,1,FORTALEZA,23456,PROFESSOR ENILSON,ÁLVARO WEYNE,149,"1,47",ELEITO
2024,1,FORTALEZA,12999,RAIMUNDO FILHO,ÁLVARO WEYNE,57,"0,56",SUPLENTE
2024,1,FORTALEZA,44777,RENE PESSOA,ÁLVARO WEYNE,52,"0,87",SUPLENTE
2024,1,FORTALEZA,10123,RONALDO MARTINS,ÁLVARO WEYNE,383,"1,89",ELEITO
2024,1,FORTALEZA,44190,SOLDADO NOELIO,ÁLVARO WEYNE,128,"1,87",ELEITO
2024,1,FORTALEZA,55555,TIA FRANCISCA,ÁLVARO WEYNE,16,"0,23",SUPLENTE
2024,1,FORTALEZA,55777,TONY BRITO,ÁLVARO WEYNE,117,"0,96",SUPLENTE
2024,1,FORTALEZA,20000,WELLINGTON SABÓIA,ÁLVARO WEYNE,216,"1,96",ELEITO
2024,1,FORTALEZA,12777,ADAIL JR.,AMADEU FURTADO,35,"0,25",ELEITO
2024,1,FORTALEZA,50777,ADRIANA GERÔNIMO,AMADEU FURTADO,31,"0,34",ELEITO
2024,1,FORTALEZA,13120,AGLAYLSON,AMADEU FURTADO,14,"0,15",ELEITO
2024,1,FORTALEZA,70123,ANA ARACAPÉ,AMADEU FURTADO,12,"0,12",ELEITO
2024,1,FORTALEZA,55011,APOLLO VICZ,AMADEU FURTADO,20,"0,16",ELEITO
2024,1,FORTALEZA,40000,BÁ,AMADEU FURTADO,12,"0,16",ELEITO
2024,1,FORTALEZA,22022,BELLA CARMELO,AMADEU FURTADO,60,"0,21",ELEITO
2024,1,FORTALEZA,10456,BENIGNO JUNIOR,AMADEU FURTADO,4,"0,05",ELEITO
2024,1,FORTALEZA,55789,BRUNO MESQUITA,AMADEU FURTADO,177,"1,25",ELEITO
2024,1,FORTALEZA,27123,CARLA DO ACILON,AMADEU FURTADO,38,"0,4",ELEITO
2024,1,FORTALEZA,25456,CHIQUINHO DOS CARNEIROS,AMADEU FURTADO,2,"0,02",ELEITO
2024,1,FORTALEZA,70369,CLAUDIO LIMA,AMADEU FURTADO,2,"0,03",SUPLENTE
2024,1,FORTALEZA,55300,CÔNSUL DO POVO,AMADEU FURTADO,1,"0,02",SUPLENTE
2024,1,FORTALEZA,20012,DAYANE COSTA,AMADEU FURTADO,1,"0,02",SUPLENTE
2024,1,FORTALEZA,13123,DR VICENTE,AMADEU FURTADO,22,"0,29",SUPLENTE
2024,1,FORTALEZA,12500,DR. LUCIANO GIRÃO,AMADEU FURTADO,6,"0,05",ELEITO
2024,1,FORTALEZA,27999,DUMMAR,AMADEU FURTADO,3,"0,09",SUPLENTE
2024,1,FORTALEZA,70111,EMANUEL ACRIZIO,AMADEU FURTADO,13,"0,08",ELEITO
2024,1,FORTALEZA,55111,ERICH DOUGLAS,AMADEU FURTADO,19,"0,14",ELEITO
2024,1,FORTALEZA,55000,EUDES BRINGEL,AMADEU FURTADO,15,"0,12",ELEITO
2024,1,FORTALEZA,50555,GABRIEL BIOLOGIA,AMADEU FURTADO,79,"0,26",ELEITO
2024,1,FORTALEZA,12333,GARDEL ROLIM,AMADEU FURTADO,6,"0,04",ELEITO
2024,1,FORTALEZA,33024,GERMANO HE MAN,AMADEU FURTADO,3,"0,03",ELEITO
2024,1,FORTALEZA,22122,INSPETOR ALBERTO,AMADEU FURTADO,26,"0,33",ELEITO
2024,1,FORTALEZA,11678,IRMÃO LÉO,AMADEU FURTADO,3,"0,06",ELEITO
2024,1,FORTALEZA,12111,JÂNIO HENRIQUE,AMADEU FURTADO,7,"0,06",ELEITO
2024,1,FORTALEZA,40789,JOHN MONTEIRO,AMADEU FURTADO,2,"0,05",SUPLENTE
2024,1,FORTALEZA,45000,JORGE PINHEIRO,AMADEU FURTADO,25,"0,22",ELEITO
2024,1,FORTALEZA,22123,JULIERME SENA,AMADEU FURTADO,26,"0,25",ELEITO
2024,1,FORTALEZA,13321,JULIO BRIZZI,AMADEU FURTADO,15,"0,19",ELEITO
2024,1,FORTALEZA,12123,KÁTIA RODRIGUES,AMADEU FURTADO,11,"0,09",ELEITO
2024,1,FORTALEZA,40123,LEO COUTO,AMADEU FURTADO,5,"0,06",ELEITO
2024,1,FORTALEZA,36789,LUIZ PAUPINA,AMADEU FURTADO,3,"0,05",ELEITO
2024,1,FORTALEZA,12000,MARCEL COLARES,AMADEU FURTADO,7,"0,05",ELEITO
2024,1,FORTALEZA,22333,MARCELO MENDES,AMADEU FURTADO,13,"0,18",ELEITO
2024,1,FORTALEZA,70200,MARCELO TCHELA,AMADEU FURTADO,12,"0,18",SUPLENTE
2024,1,FORTALEZA,44444,MÁRCIO MARTINS,AMADEU FURTADO,13,"0,11",ELEITO
2024,1,FORTALEZA,13131,MARI LACERDA,AMADEU FURTADO,13,"0,16",ELEITO
2024,1,FORTALEZA,25555,MICHEL LINS,AMADEU FURTADO,107,"1,12",ELEITO
2024,1,FORTALEZA,12444,PAULO MARTINS,AMADEU FURTADO,20,"0,15",ELEITO
2024,1,FORTALEZA,70222,PEDRO MATOS,AMADEU FURTADO,17,"0,19",ELEITO
2024,1,FORTALEZA,12800,PPCELL,AMADEU FURTADO,5,"0,05",ELEITO
2024,1,FORTALEZA,22222,PRISCILA COSTA,AMADEU FURTADO,92,"0,25",ELEITO
2024,1,FORTALEZA,25123,PROFESSOR AGUIAR TOBA,AMADEU FURTADO,3,"0,04",ELEITO
2024,1,FORTALEZA,23456,PROFESSOR ENILSON,AMADEU FURTADO,10,"0,1",ELEITO
2024,1,FORTALEZA,12999,RAIMUNDO FILHO,AMADEU FURTADO,44,"0,43",SUPLENTE
2024,1,FORTALEZA,44777,RENE PESSOA,AMADEU FURTADO,3,"0,05",SUPLENTE
2024,1,FORTALEZA,10123,RONALDO MARTINS,AMADEU FURTADO,6,"0,03",ELEITO
2024,1,FORTALEZA,44190,SOLDADO NOELIO,AMADEU FURTADO,19,"0,28",ELEITO
2024,1,FORTALEZA,55555,TIA FRANCISCA,AMADEU FURTADO,4,"0,06",SUPLENTE
2024,1,FORTALEZA,55777,TONY BRITO,AMADEU FURTADO,27,"0,22",SUPLENTE
2024,1,FORTALEZA,20000,WELLINGTON SABÓIA,AMADEU FURTADO,35,"0,32",ELEITO
